HOUSE SEAT,PRIORITY VALUE,STATE,STATE SEAT,Vf,Sf,SKEW|D,SKEW|R,THRESHOLD,PARTY,GAP
436,645684,UT,4,0.407446,0.333333,0.092554,0.157446,0.333333,DEM,4
437,644329,NY,30,0.541170,0.655172,0.125497,0.092163,0.100000,DEM,3
438,643276,TX,33,0.470332,0.531250,0.075123,0.044820,0.100000,DEM,3
439,642646,MI,16,0.488654,0.400000,0.051154,0.113654,0.100000,DEM,2
440,642025,IN,10,0.432447,0.333333,0.032447,0.132447,0.111111,DEM,2
441,640155,MT,2,0.335780,0.000000,0.164220,0.335780,1.000000,DEM,1
442,638109,IL,20,0.513957,0.473684,0.013957,0.063957,0.100000,DEM,1
443,637934,MS,5,0.485842,0.500000,0.114158,0.085842,0.250000,DEM,0
