HOUSE SEAT,PRIORITY VALUE,STATE,STATE SEAT,Vf,Sf,SKEW|D,SKEW|R,THRESHOLD,PARTY,GAP
436,645684,UT,4,0.455515,0.333333,0.044485,0.205515,0.333333,DEM,2
437,644329,NY,30,0.647077,0.793103,0.152923,0.119589,0.100000,DEM,1
438,643276,TX,33,0.465781,0.375000,0.071842,0.102145,0.100000,DEM,1
439,642646,MI,16,0.524549,0.400000,0.087049,0.149549,0.100000,DEM,0
