HOUSE SEAT,PRIORITY VALUE,STATE,STATE SEAT,Vf,Sf,SKEW|D,SKEW|R,THRESHOLD,PARTY,GAP,SLACK
436,709063,NC,14,0.499622,0.230769,0.213908,0.285337,0.100000,REP,-2,-17
437,708459,MO,9,0.435775,0.250000,0.102442,0.213553,0.125000,REP,-2,-16
438,706337,NY,28,0.651326,0.777778,0.134388,0.098674,0.100000,REP,-1,-16
439,705164,NJ,13,0.607701,0.916667,0.315376,0.238453,0.100000,REP,0,-15
