HOUSE SEAT,PRIORITY VALUE,STATE,STATE SEAT,Vf,Sf,SKEW|D,SKEW|R,THRESHOLD,PARTY,GAP
436,645684,UT,4,0.455515,0.333333,0.044485,0.205515,0.333333,DEM,2
437,644329,NY,30,0.647077,0.793103,0.152923,0.119589,0.100000,REP,2
438,643276,TX,33,0.465781,0.375000,0.071842,0.102145,0.100000,DEM,2
439,642646,MI,16,0.524549,0.400000,0.087049,0.149549,0.100000,DEM,1
440,642025,IN,10,0.494125,0.555556,0.105875,0.005875,0.111111,DEM,1
441,640155,MT,2,0.399246,0.000000,0.100754,0.399246,1.000000,DEM,0
