HOUSE SEAT,PRIORITY VALUE,STATE,STATE SEAT,Vf,Sf,SKEW|D,SKEW|R,THRESHOLD,PARTY,GAP
436,709063,NC,14,0.488968,0.230769,0.203253,0.274682,0.100000,REP,-3
437,708459,MO,9,0.435775,0.250000,0.102442,0.213553,0.125000,REP,-2
438,706337,NY,28,0.651326,0.777778,0.134388,0.098674,0.100000,REP,-2
439,705164,NJ,13,0.607701,0.916667,0.315376,0.238453,0.100000,REP,-1
440,703158,MT,2,0.476143,0.000000,0.023857,0.476143,1.000000,REP,-1
441,702692,LA,7,0.376212,0.166667,0.090497,0.233355,0.166667,REP,0
