HOUSE SEAT,PRIORITY VALUE,STATE,STATE SEAT,Vf,Sf,SKEW|D,SKEW|R,THRESHOLD,PARTY,GAP
436,709063,NC,14,0.489230,0.384615,0.060658,0.132087,0.100000,REP,-1
437,708459,MO,9,0.404726,0.250000,0.071393,0.182504,0.125000,REP,-1
438,706337,NY,28,0.620713,0.703704,0.093573,0.057858,0.100000,REP,0
