HOUSE SEAT,PRIORITY VALUE,STATE,STATE SEAT,Vf,Sf,SKEW|D,SKEW|R,THRESHOLD,PARTY,GAP
436,709063,NC,14,0.489230,0.384615,0.049888,0.121317,0.100000,DEM,-2
437,708459,MO,9,0.404726,0.250000,0.023881,0.087231,0.125000,REP,-2
438,706337,NY,28,0.620713,0.703704,0.027140,0.062855,0.100000,REP,-1
439,705164,NJ,13,0.579422,0.833333,0.187310,0.110387,0.100000,REP,-1
440,703158,MT,2,0.436136,0.000000,0.127727,0.372273,1.000000,REP,0
